<annotation>
	<folder>train</folder>
	<filename>40.png</filename>
	<path>/home/jyotishko/ARK Task 5/train_data/images/train/40.png</path>
	<source>
		<database>Unknown</database>
	</source>
	<size>
		<width>1820</width>
		<height>780</height>
		<depth>3</depth>
	</size>
	<segmented>0</segmented>
	<object>
		<name>ball</name>
		<pose>Unspecified</pose>
		<truncated>0</truncated>
		<difficult>0</difficult>
		<bndbox>
			<xmin>675</xmin>
			<ymin>464</ymin>
			<xmax>885</xmax>
			<ymax>675</ymax>
		</bndbox>
	</object>
</annotation>
