<annotation>
	<folder>train</folder>
	<filename>42.png</filename>
	<path>/home/jyotishko/ARK Task 5/train_data/images/train/42.png</path>
	<source>
		<database>Unknown</database>
	</source>
	<size>
		<width>1820</width>
		<height>780</height>
		<depth>3</depth>
	</size>
	<segmented>0</segmented>
	<object>
		<name>ball</name>
		<pose>Unspecified</pose>
		<truncated>0</truncated>
		<difficult>0</difficult>
		<bndbox>
			<xmin>1072</xmin>
			<ymin>418</ymin>
			<xmax>1264</xmax>
			<ymax>615</ymax>
		</bndbox>
	</object>
</annotation>
