<annotation>
	<folder>train</folder>
	<filename>78.png</filename>
	<path>/home/jyotishko/ARK Task 5/train_data/images/train/78.png</path>
	<source>
		<database>Unknown</database>
	</source>
	<size>
		<width>1820</width>
		<height>780</height>
		<depth>3</depth>
	</size>
	<segmented>0</segmented>
	<object>
		<name>ball</name>
		<pose>Unspecified</pose>
		<truncated>1</truncated>
		<difficult>0</difficult>
		<bndbox>
			<xmin>611</xmin>
			<ymin>531</ymin>
			<xmax>861</xmax>
			<ymax>780</ymax>
		</bndbox>
	</object>
</annotation>
